{
  "capabilities":
    [
      {
        "browserName": "Android",
        "version":"4.4.2",
        "maxInstances": 1,
        "platform":"ANDROID",
        "deviceName":"0123456789ABCDEF",
        "newCommandTimeout":"30",
        "deviceReadyTimeout":1
      }
    ],
  "configuration":
  {
    "cleanUpCycle":2000,
    "timeout":10800,
    "url":"http://127.0.0.1:4723/wd/hub",
    "host": "127.0.0.1",
    "port": 4723,
    "proxy": "org.openqa.grid.selenium.proxy.DefaultRemoteProxy",
    "maxSession": 1,
    "register": true,
    "registerCycle": 5000,
    "hubPort": 4444,
    "hubHost": "127.0.0.1"
  }
}